ID,Warehouse_block,Mode_of_Shipment,Customer_care_calls,Customer_rating,Cost_of_the_Product,Prior_purchases,Product_importance,Gender,Discount_offered,Weight_in_gms
7419.090508968313,C,Flight,4,3,153.93269113799144,3,high,F,3.144136506231259,4520.213038650536
767.8617677068578,A,Ship,5,3,143.2265330518796,6,medium,F,35.97869822723152,949.8504496295005
5499.334927657865,A,Ship,4,2,136.1449342132766,2,medium,F,2.6280428625850867,5850.704421254886
5039.720057279931,F,Road,5,5,185.54801739794058,4,medium,F,10.206947594523973,5388.950851845654
5626.110067286064,C,Road,3,5,276.53832821049605,2,low,F,6.122994018930368,4616.225414619992
6214.077228924532,F,Ship,4,4,221.0785298663136,6,medium,M,7.617604393088121,1972.267692907601
437.9318040325881,C,Ship,3,5,226.39889083973392,2,medium,F,1.057018308954632,1037.5377855069794
4613.328678181718,C,Ship,5,3,254.7058359830844,2,low,F,2.6932249777579758,5103.70491551128
5423.350882413561,C,Ship,4,5,159.30363312169544,5,medium,F,3.3767059196661053,4544.458342720051
8116.241267044413,D,Ship,7,5,268.2458446185474,4,medium,F,8.18408744543884,1829.1099277906176
1677.775209009216,F,Ship,4,4,160.97063688299716,3,medium,M,39.91354661744396,1030.9916265605586
760.2546553527404,F,Ship,4,1,113.21249918085807,3,medium,F,8.822029475367595,1219.1170861665726
10458.976367939642,F,Ship,3,2,207.16274098127022,2,low,M,4.776219833452243,5552.255743443329
6964.523195879145,F,Ship,3,4,185.2865629365155,3,low,F,8.96708370484594,4689.138013453085
2419.170496060919,B,Ship,3,2,245.90906751065276,3,medium,M,11.178418540065469,3815.216544674828
5169.429786429515,F,Ship,3,1,184.29973127845133,2,low,F,1.6934761865568033,5425.274072627063
5085.592223582236,F,Road,3,1,152.57765377563962,3,medium,M,5.09894450938339,4830.201221642786
6465.6525087191585,D,Road,4,5,180.67602683648795,3,medium,M,0.7286151108285839,5269.922470261502
1239.2162401492692,A,Ship,3,5,145.64149558573283,10,high,F,34.08376308464923,1690.849650948926
4769.819240260481,F,Ship,7,2,309.24207987749,4,low,F,8.754991100027832,1072.7958744721325
3422.9832217603785,F,Ship,5,3,250.91440179064946,3,medium,M,4.803083100649398,4426.30784312788
6430.877260110249,D,Ship,4,2,169.1096309876634,2,medium,M,4.258367792826571,4981.33452291911
8557.692490096928,A,Ship,5,5,162.06157166698935,3,low,F,4.690112103479963,4715.039502559765
9307.804165286923,C,Ship,4,3,223.36892879311876,2,medium,F,10.392796032752923,5520.286530526383
2371.4373376249937,A,Ship,4,3,163.29397847222805,10,high,M,23.897357789904465,1755.46158664236
7839.18774251881,F,Ship,6,3,170.83228462298632,4,low,M,0.8540777684415655,5003.559695583365
2334.628536445539,F,Road,2,4,235.25731105583935,5,low,F,58.48477732755763,2252.613444429372
2459.130997677483,F,Flight,3,3,149.4750671742024,3,low,M,6.926316591921933,1973.3379945727754
8945.886778337584,F,Road,6,4,257.9178192682983,4,low,F,0.8476585155358013,1800.222448816302
10177.789349241497,A,Flight,5,3,187.32805626614922,3,low,M,1.6761802929570127,5982.326782720614
251.18865491568428,B,Ship,2,4,132.56874197237332,3,low,F,42.33645104360391,1506.8013193151642
2794.5487523709894,C,Road,3,2,140.52354405760101,5,medium,M,43.13608261107481,1159.2176169030452
2993.1837988328502,F,Road,5,2,160.98375588957992,3,medium,F,63.87654564273864,1683.8743156711225
4418.811744129555,A,Flight,6,3,231.1926057640579,6,low,F,8.970537555650058,4674.775752777055
2067.2076534913867,B,Road,2,5,103.37852082633238,7,low,M,12.296008393423422,1074.924308985034
7849.1189616344045,D,Ship,5,4,259.3538332973597,5,low,F,3.8914063176001052,2021.1602028721657
1173.6159356075493,F,Ship,3,2,230.25599580790723,5,low,M,42.65532767633576,1908.4994320800474
1447.0379338243456,C,Ship,4,5,149.58885125398442,4,low,F,26.169824429958318,1617.865625989356
3750.0249088154933,C,Road,5,2,246.34556880311013,2,low,M,9.27458906414396,5753.532674684369
3991.7185078101957,A,Ship,3,1,206.5318294105129,3,medium,M,2.1030724749137306,5902.753527821273
8968.415836530681,D,Ship,5,1,231.81974587125205,5,low,M,5.929793523673285,1393.7728023559287
5282.748335337926,F,Ship,5,1,180.95215049591013,4,medium,M,5.482306856552024,5131.285100922302
10594.651839780441,F,Ship,3,5,134.33654549986412,3,medium,F,7.655743787434033,4058.113404993953
8371.402133286048,A,Ship,3,1,156.39558699085552,3,medium,F,5.365124471872856,5380.353881065202
10499.252630319166,F,Flight,3,5,191.36459552511243,3,medium,M,3.0817907922042704,5166.124382354238
9876.138380224678,F,Road,3,1,261.87301562445873,3,high,M,8.706209368712585,4836.101760837441
8576.906457747627,B,Ship,3,2,259.67246688075716,3,low,M,1.0209689928236227,5065.953661729033
10101.366188540227,B,Ship,5,1,156.2240521868381,2,medium,M,7.2643596307768945,4823.52083272258
7382.063849025756,F,Road,6,1,253.9764889695796,4,low,M,10.427145096307926,1981.0531655633374
2751.0162379054527,A,Flight,3,2,147.94255023444538,2,medium,M,36.10498371815774,1678.3381216968078
7038.323830055482,B,Ship,4,1,272.90383053470373,3,low,M,7.816744060577307,5383.598913508216
9608.781869265133,B,Ship,3,3,228.95420686004178,3,medium,F,7.971968374186792,4540.063028016806
6287.768114969646,F,Ship,5,4,175.07069585925043,4,high,F,8.15832950917766,5151.5452852360595
5256.723089317088,A,Flight,6,1,157.45615515633756,6,low,M,0.0,4738.9331953631745
7269.930204335321,F,Road,3,4,179.7214665620814,7,high,M,3.9326216645367396,5441.526690562744
9721.297426195251,C,Ship,4,2,258.66476126679976,5,medium,M,0.0,2158.3790144713207
10598.96206415008,A,Ship,5,4,227.6706710006966,5,low,M,8.738654329074917,957.2465638434448
581.2070463520199,F,Ship,3,1,273.877681501317,3,medium,F,62.30022895622654,3625.481463109694
8105.811339415828,D,Flight,4,1,242.1401380604612,3,low,F,9.001469489555587,3979.6572068371975
3357.951124622694,A,Flight,4,2,235.82911736633005,6,low,F,8.040573838427349,5596.454147882628
10351.558649018738,F,Flight,6,2,277.9583843768773,4,medium,F,8.994444172426588,1493.9112830120043
1527.5854752931557,F,Ship,3,5,235.82394620807477,2,high,M,3.581109525146986,2691.82999135357
3702.748927935765,F,Ship,4,5,226.56122064371448,2,medium,M,1.8418516117019395,4460.383742696206
7495.627296618872,F,Ship,3,4,235.64639591847043,2,medium,M,7.257376768139465,3948.9563506765844
3248.2638986251413,F,Ship,5,3,267.9174113846824,3,medium,M,36.85633610274655,3664.724375567824
1229.3243131520305,F,Ship,3,1,220.55903597797368,2,low,M,17.22483995001799,2287.562141098283
10849.759445721167,F,Road,5,5,268.62184195814285,5,medium,F,3.3178156607807217,1120.1633575248545
3993.2995690098005,B,Flight,3,1,202.03562340552614,6,medium,F,5.752298268638034,4959.044833444498
7993.993759440087,B,Ship,4,1,176.4361253231782,4,low,F,0.0,5764.383429319847
9841.79293576951,A,Ship,6,4,292.64368384238895,4,medium,M,3.7169682566071396,1956.9129788289556
6487.8147514139555,B,Ship,5,2,241.7486994072294,6,medium,F,0.0,1869.4064736983432
5502.01884660057,F,Ship,3,4,103.90718669392257,3,medium,M,9.538450726363179,4169.004516977041
0.0,F,Ship,3,1,201.2251140633191,3,medium,F,55.60684604235043,3379.292534482093
4454.802333150489,F,Ship,3,3,217.66528405880314,4,medium,M,9.063067765775905,1833.2952612681568
10237.73200571386,B,Ship,4,3,211.73431572613217,2,low,F,5.49533580043881,5432.521695547115
873.6872027117143,F,Ship,4,2,143.0005777661842,2,medium,M,50.83903704409944,1223.5809905781211
7570.141555984087,B,Ship,4,1,270.82250673866605,3,low,F,6.455815030424743,5173.851695730905
9463.54299977961,F,Flight,3,4,195.72929501392056,3,medium,F,11.025838179726756,4518.5920330074905
1059.693978371151,A,Ship,4,1,170.87816144539542,3,high,F,22.018643541483637,1332.0718443399794
7771.403505636978,B,Ship,4,5,242.31199303933087,2,medium,M,5.8095369948132625,5032.060980215092
6304.061502892912,F,Flight,4,1,174.5563946168501,3,low,F,3.137070242108899,4508.037604416486
8000.996075407361,A,Ship,6,2,101.82148246007084,3,low,M,8.307216162204634,5986.983988896857
6988.970364473221,F,Flight,6,3,295.6324059173714,4,medium,M,1.4190367185855588,1169.4977597492143
8017.916581727279,A,Ship,3,3,229.3520952330409,3,low,M,3.765125849592973,4037.020392354146
8665.5615470156,B,Ship,4,5,253.5583658030989,3,low,F,8.2762484452353,4308.967145796115
1119.5794842474613,A,Ship,6,1,202.9856587114995,5,low,M,15.592555970990054,3305.9071275517013
9188.490231071473,C,Ship,3,1,167.60454518635063,3,high,F,5.6897603903632294,5839.476568135969
5176.9861295525725,B,Ship,5,2,220.78446213202037,4,low,M,1.4265411421956342,4285.585089134097
4469.647709670153,F,Ship,5,3,230.13732783193925,2,low,M,8.395605546027289,5821.066087782518
6451.478248072748,F,Ship,3,4,239.36870369599097,4,medium,F,8.718414905429333,4634.406950255544
8773.586771262198,B,Ship,3,5,228.2577410637074,2,medium,F,1.6179954558998633,4273.688243289761
8907.757693509817,A,Ship,3,5,204.71975868012873,3,medium,F,9.000801574714183,4602.838478561834
7152.722188131706,A,Ship,6,4,278.6948883894407,5,low,M,5.5834757845484155,1261.5100814290463
5336.8301852669665,A,Ship,6,5,291.4648861969182,4,low,M,3.921052779475317,1357.9305486096603
2209.3369572074785,C,Flight,4,3,210.83509516458,2,low,M,28.813239178114927,1941.0488701505462
123.02654228431788,C,Ship,4,5,261.9866292435941,2,high,M,50.34162673485042,3077.8190571757614
7755.266895116005,A,Ship,6,3,261.1219611402053,5,low,M,8.172456430647353,1279.7208228802704
2794.376353797361,D,Ship,4,2,142.50671137408958,2,low,F,8.571252192850356,1460.5674763749707
5535.793130373016,B,Road,6,4,281.22829728357664,4,medium,M,8.819817409807674,1200.5249940649412
2246.100009908302,F,Ship,3,5,186.4082680048959,3,low,M,19.009809339845766,2423.6446668918543
2706.3511495092835,F,Ship,5,1,221.95359983991352,2,low,F,13.044377129899814,2957.9333268957557
9556.468061613668,B,Ship,4,5,239.70413611036753,5,low,M,1.746781726377694,1096.1153176274042
5289.503237343372,A,Ship,7,3,313.9266453190798,4,medium,M,8.124720333789277,1891.1743783468314
5612.541130074545,A,Flight,5,4,236.90562259710651,3,medium,F,1.9678602243491818,5776.864874435661
6709.109472114968,C,Ship,5,2,214.65969001288792,2,low,F,10.350640443833463,5054.810196055906
374.8285922682068,F,Road,4,1,179.10067340086772,3,medium,F,62.62469855924953,1431.0245610259396
5882.196023182075,D,Flight,3,5,216.45494342646214,3,low,M,2.970073378882597,5916.891587010399
3596.229951431878,B,Flight,3,3,124.33246289862676,2,low,M,10.55299638126244,5147.256922599592
10524.687493780993,D,Ship,4,2,265.39736513180264,6,medium,F,3.8906134404045054,1752.7315893801276
5999.281995280306,C,Ship,5,5,264.79268695404414,5,low,F,8.427612607971135,4370.111264083998
2948.5793269453675,B,Ship,3,4,168.86686273367266,3,low,M,31.575296608613147,2021.2350487019585
6275.219279714849,A,Road,6,3,262.40515025203206,4,medium,F,8.346037265477745,1414.9817611897804
8469.43772492005,C,Ship,3,5,235.19984746952233,2,high,M,5.1350584311382885,4064.0470475047637
3019.6151314561002,A,Ship,2,2,275.941966950121,3,low,M,56.45133831388341,2454.097125166283
6830.761497145632,B,Ship,6,2,257.2826166313501,5,low,M,7.064427826603656,1643.4631369198564
2723.477281545381,D,Road,4,5,219.1181539952769,2,medium,F,27.112584159925692,2188.14840422608
9232.074782572101,A,Ship,4,5,255.9682188421417,3,medium,F,5.960640908709133,4236.703213799528
2795.047794248107,F,Road,3,3,232.55745159577586,2,medium,F,58.99492820089297,3452.404630849659
11028.292094952278,B,Flight,4,3,223.87952570024902,5,low,M,1.1392886631406944,1741.5047701500785
7956.631320475338,D,Ship,4,1,188.4119868258452,3,low,F,8.990927494492798,4154.035058367459
9748.380524718565,D,Ship,6,4,225.2498592008961,4,medium,M,10.475527970678575,4777.074539173267
4984.242090906728,C,Road,3,3,156.49040503216796,4,medium,F,3.133523473180639,5621.6765555382335
7969.843547282744,C,Ship,3,5,142.18271142204875,2,medium,M,6.001115698774517,5940.088403375926
11131.130686841108,C,Ship,5,2,244.23717631512082,2,medium,F,4.046090119813067,5089.518616308211
3998.671402148283,D,Flight,4,2,157.84241504447942,2,medium,F,2.833753300818512,3976.3584150338743
1076.5963770342896,A,Ship,3,3,191.58155162147173,3,medium,M,10.39048979843789,3114.2865675524367
7361.8105525325145,F,Road,3,1,144.8978742547719,10,low,F,5.7991950090108375,3920.9782302850767
534.6585572833411,C,Ship,3,4,191.47999559855933,4,medium,F,41.13550251250032,2953.902145632699
6901.54784580414,C,Ship,5,5,240.42230580284578,5,medium,M,9.460956273561292,1612.764876933362
9059.257726711725,A,Ship,4,4,250.80689656961155,4,low,F,10.010804316360856,6039.062328879487
6838.1787474695175,A,Ship,5,4,269.17609457377756,3,low,M,3.2177653285919634,5215.0650643104045
4571.060561301091,D,Ship,4,4,132.46232908620019,2,low,F,3.9597397697289667,5045.496156017872
0.0,A,Ship,2,2,158.33555261888625,3,low,M,0.9842105154276988,1484.1179599212992
5058.053825365495,C,Ship,4,4,195.36011136436375,2,medium,F,1.6360870389418172,5201.445562349699
5842.057796212798,F,Ship,4,2,249.59156747899974,3,medium,F,5.110198497419778,5782.39916226875
7632.533920259083,F,Ship,5,1,227.7957604522992,6,low,M,9.726418728880029,1824.176229734053
6858.305595691401,B,Ship,2,1,219.74687827023232,4,low,M,7.1019122287560545,4963.807673946332
1243.559225838861,A,Road,3,1,181.0320113926252,2,low,F,65.07899521564806,1378.7288705155386
7799.024074755996,C,Ship,2,3,239.25313576898037,6,medium,M,3.9865388732944287,4084.9506806408954
931.4231714434698,F,Ship,2,3,188.06852203321023,3,medium,F,50.44539062971369,3227.595062200452
2615.6743037256183,D,Ship,2,5,287.1168490529752,5,low,M,62.232830592370526,1121.8042336129854
7497.05699017583,C,Flight,5,2,250.4460029578988,5,medium,M,4.857915371473683,1672.0965289098299
8714.466152166293,F,Road,5,3,155.85488061195275,3,low,F,10.592813574007875,4446.921716311637
4994.486060862554,C,Ship,4,1,261.81962850874066,4,low,M,4.934670360661322,5655.796372485059
6070.5974164707695,F,Road,6,5,281.4863803985881,4,medium,M,3.1561144825903895,1555.6066104052777
1926.986046735407,F,Road,4,3,214.45266102700666,3,low,M,51.38666906851914,3262.0718842410083
7587.132254505897,A,Ship,3,5,274.1565560147351,3,medium,M,5.714464768484631,4811.609249687787
6466.52000741011,A,Ship,4,1,249.11961156574313,3,medium,F,4.8533085527345525,4012.8008875807823
6866.262070346543,C,Ship,5,5,263.1150338572585,5,medium,F,9.870490839731241,1906.5157300423245
1446.6463459538336,C,Ship,4,2,189.70777284314167,2,medium,M,36.547933650735764,2553.3856422606923
3084.414917195512,A,Ship,4,4,172.69695338867075,3,high,F,9.332296658592014,5334.28513809829
4905.423647484189,C,Road,4,2,230.6344878439306,6,low,M,8.439092941728623,5271.75205885317
959.3302272317983,B,Ship,4,3,161.20672085560798,6,medium,M,43.16209994101055,1541.8027142103201
6746.077321934244,A,Ship,4,4,237.46169524940558,2,medium,F,6.1335188509240846,5097.473777135897
9890.862897505725,A,Ship,6,2,257.03050079190126,4,low,F,11.56231741317534,2090.3939312451976
3111.053239859324,F,Flight,4,2,248.42724132331196,3,low,F,7.212653446999579,5522.026187516004
5838.472326302563,F,Ship,5,5,188.38920319481133,3,low,M,6.513452242675653,4627.139643026126
10879.815012920439,F,Road,4,3,223.34496574349606,2,low,F,3.0313756283673725,5670.623413558036
10925.426156249549,F,Ship,5,1,236.01220970486898,5,medium,F,9.598596980993294,1954.459429026412
9889.148222485583,B,Ship,5,5,164.3784990102967,3,low,M,10.423922931941808,5469.987938179307
2462.362877920734,F,Ship,3,1,200.45617020559789,3,low,F,50.609582003922455,3592.168254500605
3362.1129014410717,B,Ship,5,3,201.10558480155063,4,low,F,6.06529398907472,4231.202524639297
9356.005507945789,B,Ship,3,3,221.42219742269748,3,medium,F,7.353466138077547,4507.764481070289
10095.674080104194,B,Ship,4,3,212.44017282610628,2,low,F,4.298093925408228,5523.1301980209555
5555.255208539234,A,Ship,5,3,265.5146467818974,3,medium,F,9.426144127930852,4197.955700481196
1805.6905078001234,F,Ship,5,5,223.73934811386056,8,low,F,48.115141383299274,2613.4121089670844
9667.737435546975,F,Road,3,4,176.29763526915846,2,low,M,5.561083282079848,4933.674430417594
10238.991928429736,D,Ship,4,3,136.05131043099064,3,medium,M,5.355764253741007,5006.202114051917
5470.003221304443,D,Road,4,4,264.9683827859818,4,medium,M,9.683113448033888,5190.634488180158
10397.081555979885,F,Ship,5,4,222.22111271905834,3,medium,M,6.572125068225197,5675.314799208999
7288.58057505245,D,Road,5,3,170.73664262721385,3,medium,F,5.1551085486029296,5057.2514425969175
1235.804517138386,C,Ship,4,3,254.8224101227771,2,medium,M,2.4766713599015455,2489.552091308851
6678.4579111260655,A,Ship,4,5,256.42736716733367,2,medium,M,3.878610611561908,4243.088594028635
11043.664263103763,F,Ship,4,3,189.45946521590125,3,low,M,6.95828994655754,4940.827662347536
5800.262613131545,A,Road,4,3,135.41404824372944,2,low,F,1.6768206079845003,4339.664777334401
9500.52870259707,D,Ship,3,1,220.9043842961189,3,medium,M,10.15232770890394,5609.290050878946
7578.880303766969,A,Road,3,3,158.6248008854468,3,low,F,6.074804669082997,5113.76967558141
8855.476650252589,B,Flight,5,2,245.39220943045657,5,low,M,1.1348883630189646,1955.4672250728647
5861.017941996214,F,Ship,3,4,213.04265259254683,2,low,M,10.772503927075952,4846.422113457807
5531.8811275968665,C,Ship,5,3,266.73857619704864,5,medium,F,4.968808314516881,1367.231567515047
4401.485489053135,B,Ship,3,2,222.11089151757318,2,medium,F,3.795028753589078,4450.342278628939
3842.681658095747,C,Ship,3,4,248.18164979814293,2,medium,M,1.1699941654985944,4919.199165365272
728.6856376341743,B,Road,3,2,179.31121547177582,2,medium,F,23.06343654614552,1316.3936709568445
1903.9807825559467,D,Ship,4,4,168.8056245423706,3,low,F,34.33794520690844,1426.4593218442353
7977.228032488602,A,Ship,4,5,152.40262945041871,3,high,F,8.75267515896661,5813.741770662763
1614.0030603121545,F,Road,4,3,201.77247514309286,2,low,F,28.356621363816366,2603.6086001346516
3173.906099555132,C,Flight,5,4,189.99198973657207,2,low,M,2.737198292043648,4312.80938529323
3795.8065440521873,F,Ship,4,4,176.87645164631414,3,medium,F,6.773824168112298,5387.743965918886
5413.214454210751,D,Ship,3,3,259.1025627199805,3,medium,F,4.208137360229623,4139.1380713041035
1776.5876039819743,F,Ship,3,3,190.27678433168077,7,medium,F,6.663593987041241,2355.4880058228
6394.1330922156,B,Flight,7,2,273.9540099098911,4,medium,F,7.102226746150961,1479.8039881479372
1192.731247709105,F,Ship,3,4,210.60556594872486,2,high,M,12.756584278976758,2869.0688402564438
3851.3312893401444,F,Ship,3,3,271.03355193336955,2,low,F,7.039851320640113,4324.075066936096
7356.584377522648,D,Ship,5,5,199.0823492888419,5,medium,M,1.08425463224287,5419.7072219403
7322.379509449093,A,Ship,4,3,181.102363390283,3,low,M,4.6626192606396355,5730.181208029515
1649.923985155143,C,Road,2,1,149.73421192011267,2,low,F,49.19646562541969,1207.0706573370655
3646.978521014318,D,Flight,4,4,177.72574046163908,6,low,F,8.096042471879835,5284.085218465606
766.8559038427419,A,Flight,4,3,267.89609046482957,3,medium,M,22.50871034843266,2358.5352944304323
10417.197361719096,A,Ship,3,2,215.7483933074411,2,medium,F,8.484955661407234,4559.424936353172
4836.644125949095,B,Ship,4,1,180.83837512351658,2,low,M,5.0436199028977855,5909.31563803961
732.8496294121285,A,Ship,4,3,122.76358943958641,2,medium,M,10.53619977223313,2031.8841502766763
8203.975287285053,C,Ship,2,3,130.07728907568654,5,medium,M,2.241712879243893,5455.3503478054
5736.364386358768,F,Ship,4,3,263.72526809043774,2,medium,M,6.413464525387061,4356.7027008000405
7085.285905704577,D,Road,5,3,174.7911443879891,3,medium,F,5.2709601997756454,5024.3252145787665
6526.6665366358,D,Ship,4,5,188.97755607571676,7,medium,F,1.0144223709465887,4482.350701159719
5411.744380351306,F,Ship,7,5,306.3849995399101,4,medium,F,2.2656598525975156,1292.4149940986345
5004.493782478081,D,Ship,3,2,203.5107399486104,3,high,M,5.655410573154138,5131.180459343073
1821.963342249593,B,Ship,3,1,252.31971436741406,3,medium,F,34.80998601133778,2829.4063965440805
11218.473043956397,F,Flight,5,2,232.29727511477623,5,medium,M,7.556665824359066,1633.963019203568
5911.764324265689,F,Ship,5,1,264.3532580864428,5,medium,F,3.1221861872063306,1581.2824287323942
10020.964715128077,F,Ship,6,3,244.9683943571077,4,medium,M,6.5660586519373165,1700.2951169823768
5254.70347574631,B,Ship,7,1,241.06786532666703,5,medium,F,3.3024735652875328,1403.8310668901688
4996.578339376523,F,Flight,4,3,205.47751195163895,2,medium,M,8.874914648639745,4153.904393016738
3478.094854659503,D,Ship,6,3,123.75360802211247,3,medium,F,9.09917014088856,5160.020947087839
367.89275589353974,C,Ship,2,4,132.3893212425512,3,low,M,57.08446106992604,1002.2158280357181
4526.457984734165,D,Ship,3,5,241.79546106951494,3,medium,F,5.017361322533799,4261.984975454802
8883.934187077983,D,Ship,4,2,261.07375280862436,2,medium,F,3.8816395142143567,5853.080079157993
4202.410244374424,B,Flight,3,3,200.705909832576,2,medium,F,7.381480477101531,4992.814157194034
2353.903998811735,F,Flight,4,4,280.42853594182674,6,medium,F,51.58445286972629,3001.962099619816
7929.659156898557,D,Ship,6,4,290.97374017400574,4,low,F,8.332201282858982,1127.5323677253357
3137.567268653595,B,Ship,3,3,138.44028514890178,3,medium,F,28.85266014143707,1303.6905451470911
7967.844478214606,F,Ship,5,3,143.12716744639062,3,low,M,1.292145065041268,4147.686477348989
18.948802440112246,F,Ship,2,3,135.22407815209368,3,low,F,18.094080203234682,1595.508287020953
7355.278552413006,B,Flight,4,2,265.7011644062499,4,low,F,6.950155177113176,4509.239397157906
1775.983159959019,C,Flight,4,4,210.9294253782039,4,medium,M,15.434487245147055,2326.2722363944663
6478.994424466621,F,Road,5,2,251.14292789612736,5,medium,M,5.828122655004721,1167.752243651845
8872.225534332036,C,Ship,3,3,232.13110867744805,2,medium,F,7.7822814886022815,5447.666284046715
9279.21368758565,B,Ship,4,1,173.3367843704592,3,medium,M,2.3226706209326817,5912.739860430894
4205.168157510394,C,Ship,3,1,143.01442942036712,2,low,F,5.181519738093403,4604.426833432255
2630.65485872323,B,Ship,3,1,181.62929716549382,2,medium,F,43.837973015581426,1519.5591808385605
9924.265460434188,A,Road,4,5,246.30296639526182,3,medium,M,3.1269596770517945,5791.345448626902
653.2993627106251,F,Road,5,3,133.01559731650738,2,low,M,13.6740181743134,1130.888472093043
2997.894809342967,B,Ship,3,4,226.78494190581995,2,medium,F,14.711996334437169,2103.479843450049
7077.075297086134,D,Road,5,5,237.90286107870915,8,low,M,10.005967785764373,5131.6000759057815
6555.088479191068,D,Ship,6,3,286.6745508191199,4,medium,F,8.823193147228142,1838.1223919189956
9599.768413610032,B,Ship,4,1,235.82130823829303,3,low,M,1.531516568056483,4317.206855661678
2089.0418937216837,D,Ship,5,4,137.4016229701433,2,medium,M,38.69300806370877,1917.3483175092892
8125.8509696086785,C,Road,4,4,230.60996512937788,5,low,M,8.549384520095272,1502.3748257958869
2900.03129043384,F,Ship,3,4,273.9319107287306,3,medium,M,18.579656243614348,3127.051605480665
1685.9874278117036,D,Ship,5,4,243.53269356855262,3,medium,M,39.87848098030926,3532.18367268024
2039.1044141400043,F,Ship,3,1,265.0586736911697,3,low,F,58.11738564059785,3307.0222792980358
8860.129128779088,C,Ship,5,1,138.52093722377043,2,low,M,8.861712608439108,4665.015358707838
2983.734485021177,D,Ship,3,4,231.93141054496218,3,medium,M,38.9411025033454,3910.860389663096
2174.1181305386017,B,Ship,4,5,266.0236334014392,3,low,F,63.440206758070126,2551.7515149111005
5861.902994812039,F,Flight,6,5,269.6795674648556,4,low,F,2.3113785347044433,1398.668545030855
6500.356525605617,C,Road,5,3,263.7638969524767,4,medium,F,4.50423797451673,4596.048452413212
2441.6313562072314,B,Ship,4,3,129.96470796460252,2,medium,F,52.32463020617127,1162.1713588704274
4530.9012547318025,A,Ship,4,4,246.39599837015064,2,low,M,7.2844880819599735,5840.846915188372
2111.3026120434924,A,Ship,3,5,250.86373388474948,2,low,F,25.875792956845874,2091.3873153243435
8376.436293812118,F,Ship,3,3,224.26478858955173,3,medium,F,5.505020346247305,4136.110955807172
8045.2944502624505,A,Ship,3,4,155.9286380410299,3,medium,M,5.007120373541142,4911.367288778589
6709.943332471742,C,Ship,5,2,237.5512931992944,5,medium,M,6.092963197129778,1057.118966392668
5461.7166758765325,A,Ship,6,1,270.41605307605244,4,low,F,8.246315974775852,1365.0507836635697
4334.0114239068025,F,Ship,3,5,158.92284302533884,2,medium,M,7.803088791548416,4645.2148200115735
228.69278463695935,C,Road,3,1,298.1232958462567,4,low,F,51.999924216242015,1211.3046774289246
6356.658673781822,F,Road,5,2,253.2185479388174,5,medium,M,5.258502578382079,1109.1644277765781
8653.673886030287,F,Ship,4,4,268.003259654634,3,low,F,8.514835096860384,4032.3081997183303
9172.03163499876,C,Ship,3,3,256.7959526836179,3,low,M,4.247587578125101,4481.015976785441
2077.1911465594594,B,Road,4,4,249.13549898654114,3,medium,M,58.24878173519945,2936.1209199784284
5387.311818086381,F,Ship,5,3,135.10935245767132,2,low,M,11.786578560434329,5255.082724022476
4438.005689155483,D,Ship,6,5,289.74327628299073,4,medium,F,1.9184448401995555,1539.4806135351982
3106.369810782631,D,Ship,4,3,195.7564062622854,4,medium,M,12.867063658913331,3248.338353671669
7000.590330251935,D,Ship,6,1,306.5850510691865,4,low,M,5.217385567308375,1664.7120640319395
10101.708208637025,D,Road,3,1,158.7912967488464,2,medium,M,4.988117783027099,5044.636432054401
7557.315061492055,A,Flight,3,4,176.29490865791468,4,medium,M,5.656667192793686,1853.8221611662384
3237.5256762741437,A,Ship,4,5,141.51123391986275,3,low,F,2.6644262202694535,5811.8949766619535
9539.26776641766,C,Flight,3,3,175.94784594983656,8,high,F,3.1040506166280326,5289.103821468597
2421.395806789578,F,Ship,4,3,160.39224108932484,2,medium,F,37.258359334775854,2005.6374371684406
1194.8658976234397,A,Ship,4,5,137.85627317477892,8,low,M,45.18832274472813,1717.6228359028732
4294.189594078617,F,Road,3,5,166.36062532472664,3,low,F,4.679351475691731,5044.05532986665
6371.915353627497,F,Road,4,3,238.9881930444759,5,medium,F,5.043060187074139,1347.2861860885357
6129.340097891141,F,Ship,4,2,264.32242850416486,4,low,F,2.609812576655845,5191.381795772112
9932.798322256402,D,Ship,7,2,256.22873795279236,4,medium,F,11.385322826407846,1305.2877160913974
1477.581205916173,C,Flight,3,5,120.00796514579008,3,low,F,10.243961575193888,1626.9265504892585
5580.5626454224775,F,Ship,3,3,229.43006276114147,3,low,M,3.951697017590608,5014.955065302206
10016.114416934462,F,Ship,6,5,242.04224132263997,4,low,M,2.4201747324632983,1890.3599681033472
4305.121790613452,F,Ship,3,3,192.1830613557975,3,medium,F,4.987932263554771,5651.821052626284
8623.20479771789,B,Ship,3,5,136.8639425953095,2,low,M,5.373661153808397,6053.009216728347
2539.718511756027,F,Ship,2,5,218.73050735541935,3,medium,M,35.0770272807807,3423.650774116901
5596.849160227109,D,Road,4,4,264.1217284856057,4,medium,M,10.595983105790085,5288.650146655126
96.44045972206911,A,Ship,3,5,144.9209925740551,4,medium,M,4.922449338290987,1144.0732349561529
2204.137910622648,C,Flight,5,2,118.62348333942334,5,high,F,54.66521932371743,1192.9222718518488
2987.1444254910875,B,Ship,4,3,197.1857201239403,3,low,F,46.666415917836936,2276.2238165584445
5154.375770460904,F,Ship,3,2,135.17439871119026,3,medium,F,2.85471693497953,5186.910180287095
4671.690124903171,F,Ship,4,5,160.36242667738875,3,high,M,3.5638691320825266,5799.391705963712
2662.1342943805303,F,Road,4,5,200.58969890414795,2,low,F,20.41929692860978,2390.1986961263597
975.1487488008892,A,Flight,4,1,204.6966290544837,7,high,F,65.14317977215819,2788.403386852091
8473.358941489998,D,Flight,6,5,305.19493907888153,4,low,F,6.9685836607735006,1645.227282401018
5598.678112169462,F,Ship,3,1,170.48791201090503,2,low,F,1.400748139413392,5658.9210399636695
6951.483260046954,A,Ship,3,5,155.94287369512207,4,low,F,0.9648409130633518,4549.7215625233575
4441.345424643752,F,Ship,5,2,221.73448471230208,4,low,F,7.5053482040565,4731.9712032066645
9512.168426297156,D,Ship,5,2,169.75040969074198,5,medium,F,1.9273321591752668,4476.756725583919
4813.622137969198,B,Road,3,4,221.2612096280974,3,medium,F,1.3708957512837383,5507.245742626062
4098.590117346778,B,Flight,3,5,254.2761374457574,2,low,M,1.754371127128228,5236.283444132153
9711.806759284585,F,Road,5,2,155.4662154450093,3,low,F,3.0864819900173726,4925.325755580047
6189.888875687431,B,Road,4,2,224.86738587153616,5,low,M,7.454600767144562,1387.8381346774336
1442.5668425203853,D,Road,4,4,188.81006451154792,4,medium,M,7.717912219193179,2366.931357439251
4603.228774844848,A,Road,4,2,222.93587733961846,4,low,M,1.9594928357437258,5680.99852679631
4573.715421440037,F,Ship,3,4,205.8979885678562,3,high,M,8.0860964811909,5240.491469555252
11039.183773728513,F,Ship,5,3,222.32921757916472,5,low,M,7.186489554333742,2036.8648813278946
4662.119209449919,F,Ship,7,2,309.8974979728893,4,low,F,7.729099306869139,1084.1211241976655
9002.220036488436,A,Ship,4,3,225.91421257150014,5,medium,F,5.753435561955546,1529.455210764009
7881.298580674989,C,Ship,6,1,293.40190705013435,4,low,M,10.286123352812101,1446.4185055577204
3466.064568216151,A,Ship,5,4,237.232139692879,2,low,M,7.566198671372108,5538.072557317262
861.111778186954,F,Ship,4,5,138.24723892572518,3,medium,F,52.22489381466049,1796.636614113859
7146.493135985778,F,Ship,6,1,306.5327937285798,4,medium,M,8.851236998066103,1360.5042746608958
1646.4998914164416,F,Ship,6,1,180.7672643887415,2,low,M,56.630602732850534,3991.739474001312
3504.88081262973,C,Flight,2,3,153.9984032199852,2,high,M,2.4504054434932128,4501.50039582635
8793.302585438567,D,Road,6,4,221.38203584727574,4,low,M,4.530782981486557,5541.975526578992
10885.139345456748,B,Road,5,2,252.18007333580985,2,medium,F,8.922442366312787,5472.453331636095
5951.01783710964,B,Flight,4,5,256.9751834638755,3,medium,M,4.073874092085467,4106.794640180048
3317.9385929394,D,Ship,4,4,161.39258614573205,4,low,M,5.378554040487213,5192.719803686417
427.57682142838286,B,Ship,5,4,255.1029489732148,4,medium,F,38.75204218742074,2753.9682797985192
4901.145696629099,B,Ship,3,4,243.67656846276432,3,medium,M,2.9554327557551447,4115.045880107371
6995.921867982544,A,Ship,3,1,177.40817796604628,2,medium,F,10.362997853534203,4903.613446254725
9410.162466485623,F,Ship,6,2,284.26491610379065,4,medium,M,8.042754655539387,1386.0409555110386
5643.560689084707,A,Road,3,1,232.270945637396,2,medium,M,4.4112788494175845,5875.635575311895
7942.925207985894,C,Ship,5,3,260.14303263138777,5,low,F,7.445577172141376,1472.0391491650587
9015.546153696383,F,Ship,3,5,245.21345230559828,4,low,M,8.136801552756307,5506.352340629678
7484.441339780154,B,Flight,4,3,257.42147372324524,2,medium,F,2.1659684096795964,4001.786984391301
4481.55767576402,C,Road,4,3,204.2163097750553,2,low,F,7.037704950763456,4772.315263255972
7662.677996469955,F,Flight,3,1,156.73690164376953,2,medium,F,3.2475860565789785,5544.959581725709
8125.047379488852,D,Road,5,5,244.40404101263007,2,medium,M,5.5689882734713985,4327.883401665784
7124.93892245354,F,Ship,5,2,247.75222402527842,2,low,M,5.626869675245079,5411.135189098964
9344.208593646354,B,Road,6,4,256.8599745477003,4,medium,F,8.490189945074013,1865.1471676205251
2172.420752617395,B,Flight,6,2,229.8829627262035,3,medium,M,14.199337031760896,2218.6108921462765
10964.204297557317,D,Ship,5,2,226.53467841714286,5,low,F,1.6447854199671164,980.6000440878299
826.9143273264345,F,Road,5,5,176.5342775217454,5,low,M,38.895414184761584,1599.8029123630329
3371.9066880781384,D,Ship,2,2,241.04127644378946,5,low,M,6.6605573105389375,4182.46645491776
10529.733971573874,F,Ship,5,4,275.72221312207125,5,low,M,5.479942738329358,1997.687886627939
930.4183353480842,C,Ship,5,3,251.09962355763957,4,medium,M,63.22494535936632,3620.293565483792
2147.097816084956,F,Flight,4,4,282.54119346584895,6,medium,F,51.34375392746991,2992.020970538398
3335.6504434411727,D,Flight,5,1,233.71818187642313,2,high,M,6.674224516393914,4936.516693331999
487.25726946006534,F,Ship,4,5,199.54386733485586,2,medium,M,35.16663236712792,3713.74762441208
613.9859671563589,D,Ship,4,5,179.46722065473358,3,low,F,47.64117407987673,1687.5596095115332
2952.0416170100716,A,Ship,4,5,140.8259299158672,3,low,F,4.833631748655231,5778.51738364043
775.0094163547132,B,Flight,6,5,114.76006061211724,3,high,M,33.02155543495775,1003.1677710142322
4822.976245349905,D,Ship,3,2,188.67066524194266,3,medium,M,2.1707469952865477,4774.563429752612
9251.61806768495,F,Flight,4,5,171.02883649973748,4,low,M,2.338578392378781,4556.4454906642095
215.19753116466558,C,Ship,2,5,131.41409357274523,3,low,M,16.04928552096425,1111.3361550445434
10197.618438505715,C,Ship,4,1,152.22722987010857,3,medium,M,4.454220254323666,6040.828127276746
880.9896003799734,A,Ship,4,4,215.93195795076585,3,low,F,43.931704405742536,2110.635875094429
2819.7312181514512,F,Ship,4,1,221.85051936271256,3,high,M,2.3090801645229626,3803.305524090983
6211.0993911689475,D,Ship,4,3,171.27185290359967,2,low,M,2.989435988974982,4477.218502270714
1143.5932411616259,A,Ship,3,5,149.4818124717864,10,high,F,35.63828332698033,1546.8021180102503
3205.0145102378974,B,Ship,4,3,245.98613715854705,3,medium,M,1.3407798268454207,5052.316279457005
3340.145701011435,C,Ship,5,5,264.1912876943252,3,low,M,1.0550629636709357,4214.728416348792
8280.39971660117,B,Ship,7,3,282.0816557127762,4,low,M,1.7421387907519656,1558.2724448578126
10226.437312678325,B,Road,5,5,234.94955939950748,5,low,F,0.9823115341349415,5618.719441355789
1684.6835344705496,C,Ship,3,4,197.14722349171032,2,low,F,15.3217723907773,2251.279196202692
5567.704625222233,C,Ship,5,2,274.2706660611246,3,high,M,4.74976652257471,5068.124185458532
6624.264775717792,F,Flight,5,3,173.500155484274,2,medium,F,0.6065061703524433,5489.049963907646
502.3610921884597,F,Ship,4,5,263.55679628129883,2,medium,F,19.057182623433352,2971.20718901935
5366.74685405484,D,Ship,3,4,220.32595625558417,3,medium,M,2.565737776771665,3980.5082210938835
1867.4391401482976,F,Road,2,1,189.36720408217224,3,low,M,59.770652453869026,2026.7371787138197
2568.4584639988293,B,Road,4,5,253.19823871597617,3,low,M,30.08266064661048,4049.0674999307857
3961.7322639527356,F,Ship,2,4,140.8804991299688,6,medium,F,1.9745099554809364,5405.070112006606
7139.941170206585,B,Ship,5,3,254.68071994951833,5,low,F,8.879385009460412,1340.5457411686314
3963.438431345384,D,Ship,4,1,237.67294383518293,3,low,F,8.505053599916286,5043.027842732788
1856.202949799508,D,Ship,2,2,219.44543403705183,3,low,F,56.6811123830835,3891.078565306946
2968.0936670901106,B,Flight,5,4,151.08112225262752,6,medium,F,22.867217332609883,1188.0188083042503
7686.058086664207,D,Flight,4,2,220.52902633345138,4,high,F,1.3448671489307304,4354.382813821956
240.03981516061754,C,Ship,3,3,159.18352915229582,3,medium,F,8.527274260798407,1874.6671083650358
10794.912562810243,F,Ship,5,4,234.8766567855882,5,medium,M,4.886364246565325,1752.108986051022
1573.783347997666,F,Ship,4,5,259.01761265658695,2,high,M,4.833657624640514,3480.6493123727596
444.6313627433683,C,Ship,3,1,210.513463633706,2,low,M,43.1900957896058,2334.1051985258905
8180.149842898215,A,Flight,4,2,214.38949651762795,3,low,M,2.564281861569869,4177.068085219668
7444.608911813621,D,Ship,2,2,169.2653695721729,3,medium,F,5.195041905558285,5531.475853709691
7018.051736922059,F,Ship,3,2,144.86191999457856,2,medium,M,0.0,5007.946828771237
7230.166984419966,D,Ship,7,3,304.88802051017956,4,medium,F,3.3150585076032106,1356.1306113624107
5740.104241065531,C,Road,4,2,168.26849696336265,2,high,F,9.146571828277585,5726.639638224715
5944.255861467704,F,Ship,6,5,174.28234458756233,3,low,F,10.687148241942856,5359.11765628912
2940.0814200946434,C,Ship,3,1,189.7489299486637,4,medium,M,41.72985303563331,3616.1674249190287
619.5773811340966,B,Road,4,4,228.43081274647258,3,medium,F,11.845965845860142,3530.1385023149887
5956.547905570871,C,Ship,5,2,266.6153458371916,3,low,M,9.284124383802705,5510.620728236039
1996.3619743288173,F,Ship,3,4,138.9316741551757,2,medium,F,54.69302340629379,1051.0811299399832
10537.254456750868,B,Ship,3,3,221.5368643641374,10,low,F,5.31232596206628,4324.506399508914
8480.29387374812,C,Ship,5,5,197.42759913018804,3,low,F,6.191074987545118,4855.639150406014
6940.620070899022,F,Road,3,5,148.89526444854823,2,medium,M,7.841687373431385,4258.7382661061865
5442.476946788529,B,Flight,4,2,118.88456717640635,3,low,F,2.4279385360508425,5685.93995321967
2864.025184607356,C,Ship,6,1,235.53162213221535,4,low,F,9.86473813795235,2236.818827231581
8044.062142588946,D,Ship,3,2,254.24199950187446,7,medium,M,1.5790983011351263,5376.597248784872
4686.3919097127855,C,Road,3,5,242.55307243653348,2,medium,M,8.505239572397928,5755.141860515061
2347.465681135819,C,Ship,2,1,178.87962397727557,2,medium,F,31.553355662082296,1040.4187732821465
6653.459862078142,F,Ship,4,5,272.7381913690124,2,medium,F,0.0,5416.036476567083
8086.147420277463,F,Ship,4,2,182.01346639054827,3,medium,M,4.140187176180189,5867.678384918932
4404.603347024619,F,Road,5,5,132.00216184614973,3,low,M,3.9457720471936613,4373.611375291443
10732.606329451744,B,Ship,4,2,210.98385136238377,3,low,M,4.40070152784446,5918.6042671607265
9159.726421282705,F,Road,6,1,263.9575536882851,4,low,M,5.665069851181736,1892.3245250279722
6093.407968731922,A,Road,6,4,282.24139085307814,4,low,M,6.162975209890463,1626.2121235890843
6551.080034868508,A,Ship,7,3,307.17090478433494,4,low,M,4.702542737804898,1688.9605568508182
8940.528371967801,C,Ship,6,1,312.8895591504142,4,medium,F,10.326670460577631,2009.4654437511933
5941.673717904044,B,Ship,3,3,148.02257060446757,3,low,M,6.263569600932502,4686.0573884758605
10705.078926224196,C,Flight,5,5,244.84293871474821,5,low,F,5.661799181650035,1212.0476363304622
10127.152486564704,C,Ship,4,4,195.95874513142144,3,medium,F,3.301121587271944,4206.098112499636
989.7361890751374,F,Ship,5,4,279.814875152549,2,medium,F,2.0464603280162965,3814.727715568414
4274.747013486249,D,Ship,4,3,263.11220875949255,3,medium,F,1.5982628798444394,4032.76812037271
3727.514540666949,F,Ship,3,1,194.2825347985406,3,medium,M,8.30418293834237,4384.5676727749205
219.7737767042256,C,Ship,4,2,273.657092526865,2,low,M,54.24463292228232,3724.068049800952
942.6826329096953,A,Ship,3,1,142.01229218787034,2,medium,F,54.719828924919355,1422.7163844126912
6373.482789302546,F,Road,5,2,221.75461730112914,5,low,F,1.2229640517392024,1725.5929332044902
6363.459223234949,F,Ship,2,3,265.0252433751046,2,low,M,1.1712083950981271,5395.311702757866
7737.062584391202,B,Road,5,4,235.72445644081697,5,low,F,9.782327622769248,925.9402227810339
10137.123817189016,F,Ship,3,1,239.40323701004658,3,medium,M,6.003857634093176,5522.440722025743
4578.640646484473,F,Road,3,3,214.01927491887946,3,high,F,3.976293575856007,4266.612381767107
3801.9534753500243,A,Ship,3,1,138.49495605215142,3,medium,F,4.128944643574114,5861.840788091283
2616.714487995061,F,Ship,3,5,154.1085520269718,2,low,F,42.17160463522422,1141.3167635894415
10686.706214033286,C,Ship,5,5,149.8666850503343,4,low,F,8.022356890502389,5893.283772623281
2689.8175337340135,C,Road,5,4,177.56609665447257,2,medium,F,43.89927862316964,1471.2354571166343
5856.113603838579,B,Ship,4,1,213.78484114835288,2,low,F,4.662876785182499,5115.401546818928
2730.341583720428,B,Ship,3,3,235.79672395781407,3,medium,M,51.58271277257259,2219.8304445239296
302.7542760564802,C,Flight,2,2,185.67465084366526,3,medium,F,45.585906662723474,2458.765433923794
5246.202715582421,A,Flight,4,5,234.2660182365678,3,low,M,6.069431522785998,5075.825342107771
5254.383946160252,F,Ship,3,1,221.75442093820155,3,medium,M,6.393281376417877,4966.258278487804
4825.074501229801,B,Ship,3,2,263.19764047694224,3,low,F,7.48695043585823,5992.108635895013
903.1759586855361,D,Ship,3,3,246.55766811420293,2,medium,M,55.48141091394966,3410.6146037856397
9254.87950760843,B,Flight,5,1,245.89676998189344,5,low,M,10.224151682379079,1419.3885520104268
7011.76744529721,F,Ship,4,4,212.89978691108138,2,high,F,1.6327268075497585,4131.201308623282
4007.579901170891,A,Ship,3,1,152.35832355553163,2,medium,F,7.199969871562026,4134.467412814103
6967.7769655130905,D,Road,2,3,215.9018773644237,2,medium,F,2.661452455250284,5060.069937577093
7392.475255613261,F,Ship,3,5,218.88562168975477,3,medium,M,6.982157619639059,4709.830505044738
7712.008999214471,F,Ship,4,2,225.271611286197,8,low,F,8.713386004714776,5556.238461963452
6875.939229533593,F,Ship,3,4,260.9586389646844,10,low,M,8.593390960625442,4156.936129903847
4586.364408865856,F,Ship,6,2,181.35551166382913,3,low,M,6.914510166558151,4333.601520914359
617.9735980763228,F,Ship,5,3,264.50508962895617,2,low,F,60.46472108969837,1922.8186862027308
1791.285329959779,F,Ship,6,1,185.4581020120977,2,low,M,56.760720097499785,4052.008077513623
10195.407449723041,C,Flight,3,3,178.15735949369937,8,high,F,4.5380340995341495,5391.939423543612
4985.143378944023,D,Ship,3,4,274.4534048771813,8,high,F,9.296295899220569,4076.9929150648413
8379.93305013786,F,Ship,4,1,237.83454894440445,5,low,F,6.062928708574561,991.7109275907784
745.9665844446221,A,Flight,4,4,201.94831537485032,3,high,F,7.6135939140978195,2623.737606734218
5272.179485271927,F,Ship,3,2,223.86613367682077,4,medium,F,6.176540333368558,5173.821347844605
9520.990551020497,B,Ship,4,1,232.91319239899028,3,low,M,0.8478189285866431,4337.049000810144
8906.112356672751,C,Ship,6,3,258.8153716395563,4,medium,M,8.634201459195362,1901.8396329769687
8501.093853696939,C,Ship,4,1,260.7666440730314,5,low,M,3.2274541183461793,1778.1467440872757
5767.213766902302,B,Ship,4,3,199.1856642483957,7,medium,F,0.11344383797257462,5294.872528819648
2954.0027170128133,D,Ship,4,5,231.7923868017696,2,low,M,54.759018600786995,2564.8893275711093
906.2523207303869,C,Ship,3,4,148.96689424338,10,high,F,11.625743186683934,1688.5247494830842
7523.010855298778,D,Ship,2,2,168.60468418050016,3,medium,F,2.2124582553846466,5479.7734233338
2082.5171160962946,F,Flight,4,1,213.95846009385534,2,medium,F,7.012441367712426,3363.704497204421
9374.872773748944,D,Ship,3,3,188.50223577103384,6,low,F,2.9711834896654117,4449.55501318648
1752.0789349324207,A,Ship,3,5,197.45796681895666,3,low,F,45.82699021121703,2594.674159983619
1067.2713777777549,F,Road,6,3,269.27594995411374,3,low,F,56.18038383171335,3194.7772703732303
276.1165479388401,A,Ship,5,4,158.22514497458516,4,low,F,6.429804866362269,1499.221146937547
7595.494055362947,F,Flight,3,2,219.97605780551697,6,low,F,8.980115651288054,5165.698095829316
4909.392782313677,F,Ship,3,1,173.35063512182163,3,low,F,7.177504760419325,4486.883632963522
628.573458842893,F,Flight,5,2,269.3626678372636,3,medium,M,33.72506971877942,3841.6865429419995
3540.7570881849506,D,Road,4,1,250.301804795669,3,low,F,3.310539847661271,4319.022884306703
7455.269076678678,D,Flight,4,1,229.69392156446588,5,low,F,6.1518138534973605,1724.1166054967782
3324.091537401325,F,Ship,5,1,254.82843376619044,3,medium,F,5.379743907477016,5689.089634229319
4175.5584181442955,A,Ship,4,4,128.96304111008695,6,medium,F,6.959245024038814,4807.1326992995155
9943.563072582496,A,Ship,6,4,291.8088994453559,4,medium,F,2.0344345573648583,1379.2775959270189
547.748493721683,C,Ship,3,3,214.0899995505838,2,low,M,19.51466343310794,3327.235260475479
6928.066930189292,A,Ship,4,3,220.887780717938,2,low,F,5.7715268900876895,4078.3655924658583
10312.999404936485,C,Ship,6,4,205.29208413404174,5,medium,F,8.468809163377465,1813.7630643053835
7949.35199627242,D,Ship,5,4,177.89474866714312,3,medium,M,11.053125642786288,5395.72407267107
3156.5936630477677,B,Flight,4,2,271.87106522022685,3,high,F,5.166789296579082,4562.808388328441
4188.437885726959,F,Flight,4,3,241.06164118246716,2,low,F,5.779609474352664,5952.732009029488
1686.6279576861396,F,Ship,5,2,266.78251472213185,2,high,M,24.310062574316923,2576.836843321988
3721.748794457156,A,Ship,4,3,189.49707355491367,3,medium,F,10.421636968055626,3989.117569209051
7164.019071125919,F,Road,3,4,168.9001606624421,3,medium,M,4.5656254274444406,5214.178506797571
2817.8461558395616,A,Flight,6,4,247.54136988042188,5,medium,M,42.85766638193251,3036.5430723438426
9396.392525357569,B,Road,6,4,254.4676807192273,4,medium,F,7.687663767255906,1774.3950041300686
4995.633944395323,C,Road,3,1,224.31115990244504,3,high,M,2.9436694687906932,5026.931840331472
2367.7419786784453,F,Ship,3,3,262.25590520351756,3,medium,M,15.330820440651785,3406.321134828281
10570.573518886571,F,Ship,4,3,237.95067492736288,6,low,M,4.649753937819815,1491.5745497510532
6657.2017603500935,F,Ship,4,4,250.5408633945303,6,medium,M,4.870401236931649,1954.39469729917
2482.9232713530587,F,Flight,3,1,252.8705008758314,2,low,F,45.75459012163897,3440.818728383419
6676.590565807743,C,Ship,3,5,239.56039027651394,7,medium,F,10.145453521396504,5580.7232587028575
9754.66506090809,F,Ship,5,4,145.02923813358873,2,low,M,0.5231207947332912,5838.541517220249
7505.383324755679,F,Ship,7,5,282.64381494193213,4,low,M,1.5623546557378094,1165.469849420186
9925.37387199192,F,Ship,6,3,260.0202640927372,4,high,F,6.53806279744168,1196.7433002585124
4424.214650520818,D,Ship,5,2,171.863968495675,4,medium,M,3.967542864213863,5286.90897045844
10440.011222282972,A,Road,3,3,219.47109874449112,3,low,M,6.32696042105845,5195.207073108927
5701.443442585755,F,Road,3,4,141.4155879367154,3,low,F,1.8073160280673528,4512.231758063405
6474.363435449485,F,Ship,4,5,156.37920244224333,3,medium,M,0.4144576549792027,5770.873939360085
2632.3839860148328,F,Ship,2,2,175.73362024141628,5,low,M,35.0124415186482,1193.9588575594883
7335.749189224244,C,Road,3,5,224.30751082337952,7,high,M,7.809616492683194,4041.9864777572293
6954.43631611746,F,Ship,6,3,306.01300308839194,4,high,F,5.059138279754599,1277.1161834551497
2468.732011530682,F,Ship,5,3,145.58187927637695,3,medium,F,49.56649809152863,1154.5525014788975
9885.76332295553,F,Ship,5,5,238.86171268379482,3,low,M,2.818619936532799,4119.449247310271
9277.364809376426,B,Ship,5,2,228.0577818450085,3,low,F,1.8164984439728378,4868.179739809737
9625.38450694633,D,Ship,5,1,194.7525380954728,2,medium,M,6.9792125727384,5268.492088332851
4262.218991721421,B,Ship,3,4,219.77561816922676,2,medium,M,5.992494213054636,4856.604839042901
2963.7975931231013,F,Ship,4,1,173.26465043331802,2,low,F,21.47521573969499,1743.8738655598613
8505.126105239662,F,Ship,4,5,225.49147301233768,2,low,M,7.423737231154581,5940.059382324381
6081.179415804009,C,Road,4,2,267.06809807182634,3,medium,M,1.5711731084023195,4801.421695908162
8659.378209051383,B,Ship,3,3,249.8851134050353,3,low,M,9.136468019561473,5022.56860576116
6282.169312434905,B,Flight,6,5,302.84853584442754,4,low,F,3.5824071628997487,2025.3612620592335
1056.1830901142507,F,Ship,4,5,170.8639446539793,2,low,F,56.22214175312837,1667.021776816808
1796.0518526017481,F,Ship,5,1,259.1985198660357,2,medium,F,47.33809754037818,3655.6822232393
10103.6560140395,F,Road,4,2,161.56545474364032,6,low,F,3.5035304225456954,3920.43752930679
6746.208676155032,F,Road,3,2,225.08483832509378,3,medium,M,8.166115594695015,4512.863862121614
2479.4006675266887,B,Ship,4,3,224.20760913931505,3,low,M,34.69303701475476,2654.42993894554
9617.009793577672,C,Ship,3,2,268.3429411891458,4,low,M,5.561983213679161,4441.214798137328
4014.9591778851177,C,Ship,4,5,158.45712756382216,6,low,F,3.4990701334024648,4553.877414762112
4971.62919523679,D,Road,4,1,135.61164780473482,2,medium,M,1.073770346525771,5367.131375007367
2781.955598305564,A,Flight,5,4,230.49807270900746,3,low,F,45.695369884016706,3247.3755768099345
5547.599969117358,A,Road,3,4,250.67314401728564,3,low,M,8.3309976545949,5648.0455083644865
5429.568276609121,F,Ship,5,2,230.78187216153086,3,medium,M,4.886200084881918,4781.488046922852
8112.350256157191,C,Ship,5,4,227.2559672454838,6,low,F,9.407244219133506,1678.5614026803878
